Model,MAE,MSE,RMSE,R2 Score,Training Time
Linear Regression,3.9823555624041207,25.12297164225303,5.0122820792781635,0.7773398941478415,0.031180900001345435
Random Forest Regressor,4.7201,35.23434900370369,5.935852845523017,0.6877246851800772,0.5566911999994772
Decision Tree Regressor,6.4725,68.32008333333333,8.265596368885511,0.3944921324018954,0.006356100002449239
